英文词条,中文参考译法,词性,领域,适用法域,类型,英文释义,中文辅助说明,使用语境,同义词或变体,常见搭配,权威来源,条目ID,数据许可,审核状态
acquisition of control,控制权收购,noun phrase,"m_and_a,company",INTERNATIONAL_TRANSACTIONAL,term,A transaction or series of arrangements through which an acquirer obtains the ability to direct or materially influence the management or major decisions of a target company.,强调取得控制能力；控制可能来自股权、表决权、协议安排或其他机制，具体标准取决于适用法。,M&A and control transactions,change of control,acquire control; control transaction,项目既有跨境交易实务编审；待美国法/美国交易实务权威来源复核,ma-acquisition-control,CC-BY-4.0,migration_review
asset acquisition,资产收购,noun phrase,m_and_a,INTERNATIONAL_TRANSACTIONAL,term,"An acquisition structure in which the buyer purchases specified assets, a business, or an asset package rather than acquiring equity interests in the target entity.",与股权收购区分；资产、负债承接、许可转移和税务后果通常取决于交易文件和适用法。,M&A transaction structuring,asset purchase,asset acquisition agreement; acquire assets,项目既有跨境交易实务编审；待美国法/美国交易实务权威来源复核,ma-asset-acquisition,CC-BY-4.0,migration_review
closing,交割,noun,"m_and_a,contracts",INTERNATIONAL_TRANSACTIONAL,action,"The transaction stage at which the parties complete agreed closing actions, such as payment, transfer of equity or assets, and delivery of closing documents.",通常指交易约定事项实际完成的节点；不要与 signing 混同。,M&A and financing transactions,completion (often UK usage),closing mechanics; closing occurs; closing deliverables,项目既有跨境交易实务编审；待美国法/美国交易实务权威来源复核,ma-closing,CC-BY-4.0,migration_review
closing date,交割日,noun phrase,m_and_a,INTERNATIONAL_TRANSACTIONAL,term,The date on which the parties complete the closing of a transaction under the governing transaction documents.,交割日不必等于签署日、经济生效日或评估基准日。,M&A and financing transactions,,on the closing date; scheduled closing date,项目既有跨境交易实务编审；待美国法/美国交易实务权威来源复核,ma-closing-date,CC-BY-4.0,migration_review
closing deliverables,交割文件；交割交付物,noun phrase,m_and_a,INTERNATIONAL_TRANSACTIONAL,document,"Documents, certificates, instruments, evidence of payment, and other items that a party must deliver or make available at closing under the transaction documents.",deliverables 不限于纸质文件，也可包括证明、付款凭证或其他交割事项。,M&A closings,closing documents,deliver closing deliverables; list of closing deliverables,项目既有跨境交易实务编审；待美国法/美国交易实务权威来源复核,ma-closing-deliverables,CC-BY-4.0,migration_review
conditions precedent to closing,交割先决条件,noun phrase,"m_and_a,contracts",INTERNATIONAL_TRANSACTIONAL,term,Contractual conditions that must be satisfied or validly waived before a party becomes obligated to complete the closing.,常见条件包括监管批准、第三方同意、陈述保证持续真实以及特定无重大不利变化条件；强制性法定要求未必可豁免。,M&A transaction agreements,closing conditions; conditions to closing,satisfy the conditions precedent; conditions precedent to closing,项目既有跨境交易实务编审；待美国法/美国交易实务权威来源复核,ma-closing-conditions-precedent,CC-BY-4.0,migration_review
disclosure letter,披露函,noun phrase,"m_and_a,contracts",INTERNATIONAL_TRANSACTIONAL,document,A transaction document used to disclose exceptions or qualifications to representations and warranties and to identify specified facts or materials for purposes of the negotiated disclosure regime.,英式交易中 disclosure letter 较常见；美国交易文件更常见 disclosure schedules，二者不能机械视为完全相同。,M&A disclosure process,disclosure schedule; disclosure schedules,deliver a disclosure letter; disclosed matters,项目既有跨境交易实务编审；待美国法/美国交易实务权威来源复核,ma-disclosure-letter,CC-BY-4.0,migration_review
due diligence,尽职调查,noun phrase,"m_and_a,company",INTERNATIONAL_TRANSACTIONAL,action,"A systematic investigation and evaluation of a target, business, asset, or transaction to identify relevant facts, obligations, and risks before or during a transaction.",范围可包括法律、财务、税务、业务、技术和合规等；深度取决于交易和风险。,"M&A, investment and financing transactions",,conduct due diligence; due diligence process; due diligence findings,项目既有跨境交易实务编审；待美国法/美国交易实务权威来源复核,ma-due-diligence,CC-BY-4.0,migration_review
equity acquisition,股权收购,noun phrase,"m_and_a,company",INTERNATIONAL_TRANSACTIONAL,term,An acquisition structure in which the buyer acquires equity interests or shares in a target entity rather than purchasing selected assets directly.,交易后果取决于实体类型、取得比例、控制权变化及适用法；美国公司交易中也常按具体实体使用 stock purchase、membership-interest purchase 等更精确表达。,M&A transaction structuring,share acquisition; stock acquisition,acquire equity interests; equity acquisition structure,项目既有跨境交易实务编审；待美国法/美国交易实务权威来源复核,ma-equity-acquisition,CC-BY-4.0,migration_review
indemnification provision,赔偿条款；补偿条款,noun phrase,"m_and_a,contracts",INTERNATIONAL_TRANSACTIONAL,term,"A contractual provision allocating responsibility for specified losses, breaches, liabilities, taxes, or third-party claims and establishing the circumstances and procedures for indemnification.",应结合损失范围、触发条件、排除项、上限、篮子/起赔额、期限和索赔程序理解；不能直接等同中国法某一种法定责任。,M&A and commercial agreements,indemnity provision; indemnification clause,indemnification obligations; claim for indemnification,项目既有跨境交易实务编审；待美国法/美国交易实务权威来源复核,ma-indemnification-provision,CC-BY-4.0,migration_review
interim operating covenants,过渡期经营承诺,noun phrase,"m_and_a,contracts",INTERNATIONAL_TRANSACTIONAL,term,"Contractual covenants governing how a target business is operated between signing and closing, often requiring ordinary-course operation and restricting specified actions without consent.",不得据此推定买方在交割前即可实际控制目标；需注意适用竞争法和 gun-jumping 风险。,M&A agreements,interim covenants; pre-closing covenants,ordinary-course covenant; comply with interim operating covenants,项目既有跨境交易实务编审；待美国法/美国交易实务权威来源复核,ma-interim-operating-covenants,CC-BY-4.0,migration_review
interim period,过渡期,noun phrase,m_and_a,INTERNATIONAL_TRANSACTIONAL,term,The period between signing and closing during which the target and the parties may be subject to negotiated interim covenants and closing-related obligations.,这里特指交易签署至交割之间的期间，不是一般意义的过渡期。,M&A transactions,pre-closing period,during the interim period; interim period covenants,项目既有跨境交易实务编审；待美国法/美国交易实务权威来源复核,ma-interim-period,CC-BY-4.0,migration_review
joint venture agreement (JVA),合资协议；合资合同,noun phrase,"m_and_a,company,contracts",INTERNATIONAL_TRANSACTIONAL,document,"An agreement among joint-venture participants governing their investment, ownership, management, decision-making, funding, transfer, and exit arrangements for a jointly owned business or project.",JVA 是交易文件名称；具体结构、与公司组织文件的关系及可执行性取决于法域和实体类型。,Joint ventures,joint venture agreement; JVA,enter into a joint venture agreement; JV governance,项目既有跨境交易实务编审；待美国法/美国交易实务权威来源复核,ma-joint-venture-agreement,CC-BY-4.0,migration_review
legal due diligence,法律尽职调查,noun phrase,"m_and_a,company",INTERNATIONAL_TRANSACTIONAL,action,"Due diligence focused on the legal rights, obligations, liabilities, disputes, contracts, ownership, regulatory matters, and compliance risks relevant to a transaction or target.",法律尽调是尽职调查的法律工作流，不等同于 legal opinion 或最终尽调报告。,"M&A, investment and financing transactions",,conduct legal due diligence; legal due diligence review; legal due diligence report,项目既有跨境交易实务编审；待美国法/美国交易实务权威来源复核,ma-legal-due-diligence,CC-BY-4.0,migration_review
letter of intent (LOI),意向书,noun phrase,"m_and_a,contracts",INTERNATIONAL_TRANSACTIONAL,document,"A preliminary transaction document recording proposed principal terms, negotiation framework, or intentions before definitive agreements are executed; particular provisions may be binding or nonbinding depending on the text and applicable law.",不能仅凭 LOI 标题判断整份文件是否有约束力；需逐项区分保密、排他、费用、适用法等条款。,Preliminary M&A and investment documentation,LOI; letter of intent,sign an LOI; nonbinding LOI; binding provisions,项目既有跨境交易实务编审；待美国法/美国交易实务权威来源复核,ma-letter-intent,CC-BY-4.0,migration_review
material adverse change (MAC),重大不利变化,noun phrase,"m_and_a,contracts",INTERNATIONAL_TRANSACTIONAL,term,"A contractually defined adverse change, event, circumstance, or effect that meets the negotiated materiality threshold and may affect specified rights or closing obligations.",MAC 的范围、例外及例外的反向例外高度依赖具体定义和适用法，不能只按字面判断。,M&A and financing agreements,material adverse effect (MAE); MAC,MAC clause; MAC condition; material adverse effect,项目既有跨境交易实务编审；待美国法/美国交易实务权威来源复核,ma-material-adverse-change,CC-BY-4.0,migration_review
purchase price adjustment,购买价调整；交易价格调整,noun phrase,"m_and_a,finance",INTERNATIONAL_TRANSACTIONAL,term,"A contractual mechanism that adjusts the transaction price by reference to agreed financial metrics or closing accounts, such as cash, debt, or working capital.",调整公式、基准值、会计政策、争议解决机制均应以交易协议定义为准。,M&A pricing mechanics,price adjustment; closing adjustment,purchase price adjustment mechanism; working-capital adjustment,项目既有跨境交易实务编审；待美国法/美国交易实务权威来源复核,ma-purchase-price-adjustment,CC-BY-4.0,migration_review
representations and warranties,陈述与保证,noun phrase,"m_and_a,contracts",INTERNATIONAL_TRANSACTIONAL,term,"Contractual statements concerning specified facts, status, compliance, assets, liabilities, authority, or other matters, used to allocate information and risk and to support negotiated remedies.",representation 与 warranty 的法律后果可能依适用法和合同而不同；不能把国际交易短语强行映射为某一中国法责任类型。,M&A and commercial agreements,reps and warranties; R&W,make representations and warranties; breach of representations and warranties,项目既有跨境交易实务编审；待美国法/美国交易实务权威来源复核,ma-representations-warranties,CC-BY-4.0,migration_review
share purchase agreement (SPA),股权购买协议；股份购买协议,noun phrase,"m_and_a,contracts",INTERNATIONAL_TRANSACTIONAL,document,"A definitive acquisition agreement under which a buyer agrees to purchase and a seller agrees to sell shares or other equity interests in a target, subject to the agreement's conditions, representations, covenants, indemnification, and closing provisions.",SPA 是国际交易常用称呼；美国交易中也常见 stock purchase agreement 或按实体类型使用其他名称。,M&A transactions,SPA; stock purchase agreement; equity purchase agreement,enter into an SPA; SPA closing conditions,项目既有跨境交易实务编审；待美国法/美国交易实务权威来源复核,ma-share-purchase-agreement,CC-BY-4.0,migration_review
shareholders' agreement (SHA),股东协议,noun phrase,"m_and_a,company,contracts",INTERNATIONAL_TRANSACTIONAL,document,"An agreement among shareholders, and sometimes the company, governing matters such as governance, voting, transfer restrictions, funding, reserved matters, and exit rights.",SHA 与公司章程或其他组织文件的效力关系取决于法域和实体类型，不能机械等同。,Joint ventures and private-company investments,SHA; shareholders agreement,enter into a shareholders' agreement; transfer restrictions; reserved matters,项目既有跨境交易实务编审；待美国法/美国交易实务权威来源复核,ma-shareholders-agreement,CC-BY-4.0,migration_review
signing,签约；签署,noun,"m_and_a,contracts",INTERNATIONAL_TRANSACTIONAL,action,"The transaction stage at which the parties execute the principal transaction agreement or agreements; signing may occur before, at the same time as, or separately from closing.",签约不自动等于交割；签署后的法律效果取决于协议的生效和交割安排。,M&A and financing transactions,execution,signing and closing; signing date; at signing,项目既有跨境交易实务编审；待美国法/美国交易实务权威来源复核,ma-signing,CC-BY-4.0,migration_review
term sheet,条款清单；主要条款表,noun phrase,"m_and_a,finance,contracts",INTERNATIONAL_TRANSACTIONAL,document,A preliminary document summarizing principal commercial and legal terms of a proposed transaction before definitive documentation is negotiated and executed.,term sheet 可能整体或部分具有约束力，也可能主要用于记录非约束性商业共识，应以文本和适用法判断。,"Investment, financing and M&A transactions",heads of terms; term sheet,negotiate a term sheet; nonbinding term sheet; key terms,项目既有跨境交易实务编审；待美国法/美国交易实务权威来源复核,ma-term-sheet,CC-BY-4.0,migration_review
transaction structure,交易架构,noun phrase,m_and_a,INTERNATIONAL_TRANSACTIONAL,term,"The legal and commercial arrangement of parties, entities, assets, consideration, financing, and transaction steps used to implement an acquisition, investment, financing, or restructuring.",常见比较包括股权/资产、直接/间接、一次/分步以及现金/股份对价等；不是单一法定结构类型。,M&A and investment planning,deal structure,structure the transaction; transaction structure analysis,项目既有跨境交易实务编审；待美国法/美国交易实务权威来源复核,ma-transaction-structure,CC-BY-4.0,migration_review
virtual data room (VDR),虚拟数据室,noun phrase,m_and_a,INTERNATIONAL_TRANSACTIONAL,term,"A controlled online repository used to upload, organize, review, and manage documents and information for due diligence and other transaction work.",VDR 是交易资料管理工具；其访问权限、下载限制和保密安排通常与 NDA 和信息安全要求配套。,"M&A, financing and due diligence",VDR; virtual data room,open the VDR; VDR access; data-room documents,项目既有跨境交易实务编审；待美国法/美国交易实务权威来源复核,ma-virtual-data-room,CC-BY-4.0,migration_review
waiver of a closing condition,交割条件豁免,noun phrase,"m_and_a,contracts",INTERNATIONAL_TRANSACTIONAL,action,"A contractual waiver by the party entitled to the benefit of a waivable closing condition, allowing closing to proceed without satisfaction of that condition.",只有可处分的合同条件通常才可能被豁免；法定审批或其他强制性要求不能当然通过合同 waiver 消除。,M&A closings,waiver of condition; condition waiver,waive a closing condition; condition may be waived,项目既有跨境交易实务编审；待美国法/美国交易实务权威来源复核,ma-waiver-closing-condition,CC-BY-4.0,migration_review
